Name,Access Type,Time
pxy,Entry,2024-12-01 16:29:22
pxy,Entry,2024-12-01 16:29:23
pxy,Entry,2024-12-01 16:29:23
pxy,Entry,2024-12-01 16:29:23
pxy,Entry,2024-12-01 16:29:23
pxy,Entry,2024-12-01 16:29:23
pxy,Entry,2024-12-01 16:29:24
pxy,Entry,2024-12-01 16:29:24
pxy,Entry,2024-12-01 16:29:24
pxy,Entry,2024-12-01 16:29:24
pxy,Entry,2024-12-01 16:29:24
pxy,Entry,2024-12-01 16:29:25
pxy,Entry,2024-12-01 16:29:25
pxy,Entry,2024-12-01 16:29:25
pxy,Entry,2024-12-01 16:29:25
pxy,Entry,2024-12-01 16:29:25
pxy,Entry,2024-12-01 16:29:25
pxy,Entry,2024-12-01 16:29:26
pxy,Entry,2024-12-01 16:29:26
pxy,Entry,2024-12-01 16:29:26
pxy,Entry,2024-12-01 16:29:26
pxy,Entry,2024-12-01 16:29:27
pxy,Entry,2024-12-01 16:29:27
pxy,Entry,2024-12-01 16:29:27
pxy,Entry,2024-12-01 16:29:27
pxy,Entry,2024-12-01 16:29:27
pxy,Entry,2024-12-01 16:29:28
pxy,Entry,2024-12-01 16:29:28
pxy,Entry,2024-12-01 16:29:28
pxy,Entry,2024-12-01 16:29:28
pxy,Entry,2024-12-01 16:29:28
pxy,Entry,2024-12-01 16:29:29
pxy,Entry,2024-12-01 16:29:29
pxy,Entry,2024-12-01 16:29:29
pxy,Entry,2024-12-01 16:29:29
pxy,Entry,2024-12-01 16:29:29
pxy,Entry,2024-12-01 16:29:30
pxy,Entry,2024-12-01 16:29:30
pxy,Entry,2024-12-01 16:29:30
pxy,Entry,2024-12-01 16:29:30
pxy,Entry,2024-12-01 16:29:30
pxy,Entry,2024-12-01 16:29:31
pxy,Entry,2024-12-01 16:29:31
pxy,Entry,2024-12-01 16:29:31
pxy,Entry,2024-12-01 16:29:31
pxy,Entry,2024-12-01 16:29:31
pxy,Entry,2024-12-01 16:29:32
pxy,Entry,2024-12-01 16:29:32
pxy,Entry,2024-12-01 16:29:32
pxy,Entry,2024-12-01 16:29:32
pxy,Entry,2024-12-01 16:29:32
pxy,Entry,2024-12-01 16:29:33
pxy,Entry,2024-12-01 16:29:33
pxy,Entry,2024-12-01 16:29:33
pxy,Entry,2024-12-01 16:29:33
pxy,Entry,2024-12-01 16:29:33
pxy,Entry,2024-12-01 16:29:34
pxy,Entry,2024-12-01 16:31:32
pxy,Entry,2024-12-01 16:31:33
pxy,Entry,2024-12-01 16:31:33
pxy,Entry,2024-12-01 16:31:33
pxy,Entry,2024-12-01 16:31:33
pxy,Entry,2024-12-01 16:31:33
pxy,Entry,2024-12-01 16:31:34
pxy,Entry,2024-12-01 16:31:34
pxy,Entry,2024-12-01 16:31:34
pxy,Entry,2024-12-01 16:31:34
pxy,Entry,2024-12-01 16:31:34
pxy,Entry,2024-12-01 16:31:35
pxy,Entry,2024-12-01 16:31:35
pxy,Entry,2024-12-01 16:31:35
pxy,Entry,2024-12-01 16:31:35
pxy,Entry,2024-12-01 16:31:35
pxy,Entry,2024-12-01 16:31:36
pxy,Entry,2024-12-01 16:31:36
pxy,Entry,2024-12-01 16:31:36
pxy,Entry,2024-12-01 16:31:36
pxy,Entry,2024-12-01 16:31:36
pxy,Entry,2024-12-01 16:31:37
pxy,Entry,2024-12-01 16:31:37
pxy,Entry,2024-12-01 16:31:37
pxy,Entry,2024-12-01 16:31:37
pxy,Entry,2024-12-01 16:31:37
pxy,Entry,2024-12-01 16:31:38
pxy,Entry,2024-12-01 16:31:38
pxy,Entry,2024-12-01 16:31:38
pxy,Entry,2024-12-01 16:31:38
pxy,Entry,2024-12-01 16:31:39
pxy,Entry,2024-12-01 16:31:39
pxy,Entry,2024-12-01 16:31:39
pxy,Entry,2024-12-01 16:31:39
pxy,Entry,2024-12-01 16:31:40
pxy,Entry,2024-12-01 16:31:40
pxy,Entry,2024-12-01 16:31:40
pxy,Entry,2024-12-01 16:31:40
pxy,Entry,2024-12-01 16:31:40
pxy,Entry,2024-12-01 16:31:41
pxy,Entry,2024-12-01 16:31:41
pxy,Entry,2024-12-01 16:31:41
pxy,Entry,2024-12-01 16:31:41
pxy,Entry,2024-12-01 16:31:41
pxy,Entry,2024-12-01 16:31:42
pxy,Entry,2024-12-01 16:31:42
pxy,Entry,2024-12-01 16:31:42
pxy,Entry,2024-12-01 16:31:42
pxy,Entry,2024-12-01 16:31:42
pxy,Entry,2024-12-01 16:31:43
pxy,Entry,2024-12-01 16:31:43
pxy,Entry,2024-12-01 16:31:43
pxy,Entry,2024-12-01 16:31:43
pxy,Entry,2024-12-01 16:31:43
pxy,Entry,2024-12-01 16:31:44
pxy,Entry,2024-12-01 16:31:44
pxy,Entry,2024-12-01 16:31:44
pxy,Entry,2024-12-01 16:31:44
pxy,Entry,2024-12-01 16:31:44
